,precision,recall,f1-score,support
A,0.921875,0.9516129032258065,0.9365079365079365,62.0
Am,0.98,1.0,0.98989898989899,98.0
Bb,0.8571428571428571,0.8571428571428571,0.8571428571428571,42.0
Bdim,0.9576271186440678,0.9495798319327731,0.9535864978902954,119.0
Bm,0.8974358974358975,0.813953488372093,0.8536585365853658,43.0
C,0.8977272727272727,0.8977272727272727,0.8977272727272727,88.0
D,0.967032967032967,0.9565217391304348,0.9617486338797815,92.0
Dm,0.9010989010989011,0.9213483146067416,0.9111111111111112,89.0
E,0.851063829787234,0.9302325581395349,0.888888888888889,43.0
Em,0.9545454545454546,0.8936170212765957,0.9230769230769231,47.0
F,0.9647058823529412,0.9425287356321839,0.9534883720930232,87.0
G,0.9411764705882353,0.96,0.9504950495049505,50.0
Accuracy,0.9325581395348838,0.9325581395348838,0.9325581395348838,0.9325581395348838
Macro avg,0.9242859709463191,0.9228553935155244,0.9231109224422829,860.0
Weighted avg,0.9329721769904976,0.9325581395348838,0.9324564477392044,860.0
