,precision,recall,f1-score,support
A,0.9824561403508771,0.9032258064516129,0.9411764705882352,62.0
Am,1.0,0.9897959183673469,0.9948717948717948,98.0
Bb,0.8780487804878049,0.8571428571428571,0.8674698795180722,42.0
Bdim,0.9186991869918699,0.9495798319327731,0.9338842975206612,119.0
Bm,0.9285714285714286,0.9069767441860465,0.9176470588235294,43.0
C,0.8913043478260869,0.9318181818181818,0.9111111111111111,88.0
D,0.989010989010989,0.9782608695652174,0.9836065573770493,92.0
Dm,0.9139784946236559,0.9550561797752809,0.934065934065934,89.0
E,0.9545454545454546,0.9767441860465116,0.9655172413793104,43.0
Em,0.9777777777777777,0.9361702127659575,0.9565217391304347,47.0
F,0.9882352941176471,0.9655172413793104,0.9767441860465116,87.0
G,0.98,0.98,0.98,50.0
Accuracy,0.95,0.95,0.95,0.95
Macro avg,0.9502189911919662,0.944190669119258,0.9468846892027204,860.0
Weighted avg,0.9509179819433762,0.95,0.9501478179544857,860.0
